"Nome do anúncio",Anúncios,Idade,Gênero,Dia,Objetivo,Alcance,Impressões,Frequência,"Valor gasto (BRL)","Tipo de resultado",Resultados,"Custo por resultado","Status de veiculação","Nível de veiculação","Reproduções de 25% do vídeo","Reproduções de 50% do vídeo","Reproduções de 75% do vídeo","Reproduções de 95% do vídeo","Reproduções de 100% do vídeo","Seguidores no Instagram","Cliques no link",Objetivo,"Custo por 1.000 Contas Meta alcançadas","Tipo de valor de resultado","Valor dos resultados","Início dos relatórios","Encerramento dos relatórios","Resultados (iniciais)"
"Salto dourado | vídeo","Salto dourado | vídeo",18-24,female,2026-09-12,OUTCOME_ENGAGEMENT,3,3,1,0.01,,,,not_delivering,ad,,,,,,0,,Engajamento,3.33333333,,,2026-09-12,2026-09-12,
"Salto dourado | vídeo","Salto dourado | vídeo",25-34,female,2026-09-12,OUTCOME_ENGAGEMENT,8,9,1.125,0.06,,,,not_delivering,ad,,,,,,0,,Engajamento,7.5,,,2026-09-12,2026-09-12,
"Salto dourado | vídeo","Salto dourado | vídeo",35-44,female,2026-09-12,OUTCOME_ENGAGEMENT,4,4,1,0.05,,,,not_delivering,ad,,,,,,0,,Engajamento,12.5,,,2026-09-12,2026-09-12,
"Bolsa e salto marrom | imagem","Bolsa e salto marrom | imagem",25-34,female,2026-09-12,OUTCOME_ENGAGEMENT,7,7,1,0.07,,,,not_delivering,ad,,,,,,0,,Engajamento,10,,,2026-09-12,2026-09-12,
"Bolsa e salto marrom | imagem","Bolsa e salto marrom | imagem",35-44,female,2026-09-12,OUTCOME_ENGAGEMENT,4,4,1,0.03,,,,not_delivering,ad,,,,,,0,,Engajamento,7.5,,,2026-09-12,2026-09-12,
"Bolsa e salto marrom | imagem","Bolsa e salto marrom | imagem",18-24,female,2026-09-12,OUTCOME_ENGAGEMENT,12,13,1.08333333,0.08,,,,not_delivering,ad,,,,,,0,,Engajamento,6.66666667,,,2026-09-12,2026-09-12,
"Bolsa e salto marrom | imagem","Bolsa e salto marrom | imagem",25-34,female,2026-09-11,OUTCOME_ENGAGEMENT,418,545,1.30382775,3.4,,,,not_delivering,ad,,,,,,0,3,Engajamento,8.13397129,,,2026-09-11,2026-09-11,
"Bolsa e salto marrom | imagem","Bolsa e salto marrom | imagem",35-44,female,2026-09-11,OUTCOME_ENGAGEMENT,456,558,1.22368421,5.62,"Conversas por mensagem iniciadas",1,5.62,not_delivering,ad,,,,,,1,7,Engajamento,12.3245614,,,2026-09-11,2026-09-11,
"Bolsa e salto marrom | imagem","Bolsa e salto marrom | imagem",18-24,female,2026-09-11,OUTCOME_ENGAGEMENT,464,638,1.375,3.54,"Conversas por mensagem iniciadas",1,3.54,not_delivering,ad,,,,,,1,7,Engajamento,7.62931034,,,2026-09-11,2026-09-11,
"Salto dourado | vídeo","Salto dourado | vídeo",35-44,female,2026-09-11,OUTCOME_ENGAGEMENT,455,604,1.32747253,5.73,,,,not_delivering,ad,,,,,,0,5,Engajamento,12.59340659,,,2026-09-11,2026-09-11,
"Salto dourado | vídeo","Salto dourado | vídeo",18-24,female,2026-09-11,OUTCOME_ENGAGEMENT,129,183,1.41860465,0.93,,,,not_delivering,ad,,,,,,1,2,Engajamento,7.20930233,,,2026-09-11,2026-09-11,
"Salto dourado | vídeo","Salto dourado | vídeo",25-34,female,2026-09-11,OUTCOME_ENGAGEMENT,430,623,1.44883721,4.2,,,,not_delivering,ad,,,,,,0,2,Engajamento,9.76744186,,,2026-09-11,2026-09-11,
"Salto dourado | vídeo","Salto dourado | vídeo",18-24,female,2026-09-09,OUTCOME_ENGAGEMENT,0,0,0,0,"Conversas por mensagem iniciadas",1,0,not_delivering,ad,,,,,,0,,Engajamento,,,,2026-09-09,2026-09-09,
"Bolsa e salto marrom | imagem","Bolsa e salto marrom | imagem",18-24,female,2026-09-08,OUTCOME_ENGAGEMENT,450,650,1.44444444,3.85,,,,not_delivering,ad,,,,,,0,3,Engajamento,8.55555556,,,2026-09-08,2026-09-08,
"Couro | imagem","Couro | imagem",35-44,female,2026-09-08,OUTCOME_ENGAGEMENT,91,134,1.47252747,1.62,,,,inactive,ad,,,,,,0,,Engajamento,17.8021978,,,2026-09-08,2026-09-08,
"Couro | imagem","Couro | imagem",25-34,female,2026-09-08,OUTCOME_ENGAGEMENT,70,107,1.52857143,0.76,,,,inactive,ad,,,,,,0,,Engajamento,10.85714286,,,2026-09-08,2026-09-08,
"Couro | imagem","Couro | imagem",18-24,female,2026-09-08,OUTCOME_ENGAGEMENT,16,27,1.6875,0.2,,,,inactive,ad,,,,,,0,,Engajamento,12.5,,,2026-09-08,2026-09-08,
"Bolsa e salto marrom | imagem","Bolsa e salto marrom | imagem",35-44,female,2026-09-08,OUTCOME_ENGAGEMENT,328,445,1.35670732,3.42,"Conversas por mensagem iniciadas",2,1.71,not_delivering,ad,,,,,,0,2,Engajamento,10.42682927,,,2026-09-08,2026-09-08,
"Bolsa e salto marrom | imagem","Bolsa e salto marrom | imagem",25-34,female,2026-09-08,OUTCOME_ENGAGEMENT,347,466,1.34293948,2.91,"Conversas por mensagem iniciadas",1,2.91,not_delivering,ad,,,,,,0,2,Engajamento,8.38616715,,,2026-09-08,2026-09-08,
"Salto dourado | vídeo","Salto dourado | vídeo",Unknown,female,2026-09-08,OUTCOME_ENGAGEMENT,1,1,1,0,,,,not_delivering,ad,,,,,,0,,Engajamento,0,,,2026-09-08,2026-09-08,
"Salto dourado | vídeo","Salto dourado | vídeo",18-24,female,2026-09-08,OUTCOME_ENGAGEMENT,93,138,1.48387097,0.72,,,,not_delivering,ad,,,,,,0,,Engajamento,7.74193548,,,2026-09-08,2026-09-08,
"Salto dourado | vídeo","Salto dourado | vídeo",35-44,female,2026-09-08,OUTCOME_ENGAGEMENT,253,416,1.64426877,3.69,"Conversas por mensagem iniciadas",1,3.69,not_delivering,ad,,,,,,0,3,Engajamento,14.58498024,,,2026-09-08,2026-09-08,
"Salto dourado | vídeo","Salto dourado | vídeo",25-34,female,2026-09-08,OUTCOME_ENGAGEMENT,267,407,1.52434457,2.71,"Conversas por mensagem iniciadas",1,2.71,not_delivering,ad,,,,,,0,2,Engajamento,10.14981273,,,2026-09-08,2026-09-08,
"Bolsa e salto marrom | imagem","Bolsa e salto marrom | imagem",25-34,female,2026-09-07,OUTCOME_ENGAGEMENT,492,687,1.39634146,4.75,"Conversas por mensagem iniciadas",1,4.75,not_delivering,ad,,,,,,0,7,Engajamento,9.65447154,,,2026-09-07,2026-09-07,
"Couro | imagem","Couro | imagem",18-24,female,2026-09-07,OUTCOME_ENGAGEMENT,18,30,1.66666667,0.15,,,,inactive,ad,,,,,,0,,Engajamento,8.33333333,,,2026-09-07,2026-09-07,
"Couro | imagem","Couro | imagem",25-34,female,2026-09-07,OUTCOME_ENGAGEMENT,74,102,1.37837838,0.81,,,,inactive,ad,,,,,,0,,Engajamento,10.94594595,,,2026-09-07,2026-09-07,
"Couro | imagem","Couro | imagem",35-44,female,2026-09-07,OUTCOME_ENGAGEMENT,122,173,1.41803279,1.75,,,,inactive,ad,,,,,,0,1,Engajamento,14.3442623,,,2026-09-07,2026-09-07,
"Bolsa e salto marrom | imagem","Bolsa e salto marrom | imagem",35-44,female,2026-09-07,OUTCOME_ENGAGEMENT,638,823,1.28996865,5.93,"Conversas por mensagem iniciadas",1,5.93,not_delivering,ad,,,,,,0,8,Engajamento,9.29467085,,,2026-09-07,2026-09-07,
"Bolsa e salto marrom | imagem","Bolsa e salto marrom | imagem",18-24,female,2026-09-07,OUTCOME_ENGAGEMENT,489,699,1.42944785,3.33,,,,not_delivering,ad,,,,,,0,6,Engajamento,6.80981595,,,2026-09-07,2026-09-07,
"Salto dourado | vídeo","Salto dourado | vídeo",18-24,female,2026-09-07,OUTCOME_ENGAGEMENT,126,216,1.71428571,1.37,,,,not_delivering,ad,,,,,,0,3,Engajamento,10.87301587,,,2026-09-07,2026-09-07,
"Salto dourado | vídeo","Salto dourado | vídeo",25-34,female,2026-09-07,OUTCOME_ENGAGEMENT,440,672,1.52727273,4.37,"Conversas por mensagem iniciadas",1,4.37,not_delivering,ad,,,,,,0,4,Engajamento,9.93181818,,,2026-09-07,2026-09-07,
"Salto dourado | vídeo","Salto dourado | vídeo",35-44,female,2026-09-07,OUTCOME_ENGAGEMENT,522,822,1.57471264,6.24,"Conversas por mensagem iniciadas",1,6.24,not_delivering,ad,,,,,,0,4,Engajamento,11.95402299,,,2026-09-07,2026-09-07,
"Couro | imagem","Couro | imagem",25-34,female,2026-09-06,OUTCOME_ENGAGEMENT,108,152,1.40740741,1.02,,,,inactive,ad,,,,,,0,1,Engajamento,9.44444444,,,2026-09-06,2026-09-06,
"Salto dourado | vídeo","Salto dourado | vídeo",35-44,female,2026-09-06,OUTCOME_ENGAGEMENT,431,689,1.59860789,6.26,"Conversas por mensagem iniciadas",1,6.26,not_delivering,ad,,,,,,0,6,Engajamento,14.52436195,,,2026-09-06,2026-09-06,
"Salto dourado | vídeo","Salto dourado | vídeo",25-34,female,2026-09-06,OUTCOME_ENGAGEMENT,366,522,1.42622951,2.99,"Conversas por mensagem iniciadas",1,2.99,not_delivering,ad,,,,,,1,4,Engajamento,8.16939891,,,2026-09-06,2026-09-06,
"Salto dourado | vídeo","Salto dourado | vídeo",18-24,female,2026-09-06,OUTCOME_ENGAGEMENT,98,148,1.51020408,0.82,,,,not_delivering,ad,,,,,,0,,Engajamento,8.36734694,,,2026-09-06,2026-09-06,
"Bolsa e salto marrom | imagem","Bolsa e salto marrom | imagem",18-24,female,2026-09-06,OUTCOME_ENGAGEMENT,620,898,1.4483871,3.98,,,,not_delivering,ad,,,,,,1,4,Engajamento,6.41935484,,,2026-09-06,2026-09-06,
"Bolsa e salto marrom | imagem","Bolsa e salto marrom | imagem",25-34,female,2026-09-06,OUTCOME_ENGAGEMENT,502,627,1.24900398,2.92,,,,not_delivering,ad,,,,,,0,4,Engajamento,5.81673307,,,2026-09-06,2026-09-06,
"Bolsa e salto marrom | imagem","Bolsa e salto marrom | imagem",35-44,female,2026-09-06,OUTCOME_ENGAGEMENT,611,794,1.299509,7.18,"Conversas por mensagem iniciadas",3,2.39333333,not_delivering,ad,,,,,,0,7,Engajamento,11.7512275,,,2026-09-06,2026-09-06,
"Couro | imagem","Couro | imagem",35-44,female,2026-09-06,OUTCOME_ENGAGEMENT,171,263,1.5380117,2.32,,,,inactive,ad,,,,,,0,,Engajamento,13.56725146,,,2026-09-06,2026-09-06,
"Couro | imagem","Couro | imagem",18-24,female,2026-09-06,OUTCOME_ENGAGEMENT,29,45,1.55172414,0.26,,,,inactive,ad,,,,,,0,,Engajamento,8.96551724,,,2026-09-06,2026-09-06,
"Salto dourado | vídeo","Salto dourado | vídeo",35-44,female,2026-09-05,OUTCOME_ENGAGEMENT,211,310,1.46919431,2.58,,,,not_delivering,ad,,,,,,0,1,Engajamento,12.22748815,,,2026-09-05,2026-09-05,
"Salto dourado | vídeo","Salto dourado | vídeo",25-34,female,2026-09-05,OUTCOME_ENGAGEMENT,188,240,1.27659574,1.48,"Conversas por mensagem iniciadas",1,1.48,not_delivering,ad,,,,,,0,,Engajamento,7.87234043,,,2026-09-05,2026-09-05,
"Salto dourado | vídeo","Salto dourado | vídeo",18-24,female,2026-09-05,OUTCOME_ENGAGEMENT,46,60,1.30434783,0.19,,,,not_delivering,ad,,,,,,0,,Engajamento,4.13043478,,,2026-09-05,2026-09-05,
"Bolsa e salto marrom | imagem","Bolsa e salto marrom | imagem",18-24,female,2026-09-05,OUTCOME_ENGAGEMENT,284,359,1.26408451,1.84,"Conversas por mensagem iniciadas",2,0.92,not_delivering,ad,,,,,,0,7,Engajamento,6.47887324,,,2026-09-05,2026-09-05,
"Bolsa e salto marrom | imagem","Bolsa e salto marrom | imagem",25-34,female,2026-09-05,OUTCOME_ENGAGEMENT,367,461,1.25613079,2.8,"Conversas por mensagem iniciadas",1,2.8,not_delivering,ad,,,,,,0,4,Engajamento,7.62942779,,,2026-09-05,2026-09-05,
"Bolsa e salto marrom | imagem","Bolsa e salto marrom | imagem",35-44,female,2026-09-05,OUTCOME_ENGAGEMENT,440,535,1.21590909,4.36,,,,not_delivering,ad,,,,,,0,5,Engajamento,9.90909091,,,2026-09-05,2026-09-05,
"Couro | imagem","Couro | imagem",25-34,female,2026-09-05,OUTCOME_ENGAGEMENT,75,86,1.14666667,0.76,,,,inactive,ad,,,,,,0,2,Engajamento,10.13333333,,,2026-09-05,2026-09-05,
"Couro | imagem","Couro | imagem",18-24,female,2026-09-05,OUTCOME_ENGAGEMENT,11,11,1,0.05,,,,inactive,ad,,,,,,0,,Engajamento,4.54545455,,,2026-09-05,2026-09-05,
"Couro | imagem","Couro | imagem",35-44,female,2026-09-05,OUTCOME_ENGAGEMENT,101,124,1.22772277,0.95,"Conversas por mensagem iniciadas",1,0.95,inactive,ad,,,,,,0,,Engajamento,9.40594059,,,2026-09-05,2026-09-05,
"Couro | imagem","Couro | imagem",35-44,female,2026-09-04,OUTCOME_ENGAGEMENT,46,48,1.04347826,0.42,,,,inactive,ad,,,,,,0,1,Engajamento,9.13043478,,,2026-09-04,2026-09-04,
"Bolsa e salto marrom | imagem","Bolsa e salto marrom | imagem",25-34,female,2026-09-04,OUTCOME_ENGAGEMENT,337,422,1.25222552,2.98,"Conversas por mensagem iniciadas",1,2.98,not_delivering,ad,,,,,,0,7,Engajamento,8.84272997,,,2026-09-04,2026-09-04,
"Couro | imagem","Couro | imagem",18-24,female,2026-09-04,OUTCOME_ENGAGEMENT,8,11,1.375,0.08,,,,inactive,ad,,,,,,0,,Engajamento,10,,,2026-09-04,2026-09-04,
"Couro | imagem","Couro | imagem",25-34,female,2026-09-04,OUTCOME_ENGAGEMENT,31,33,1.06451613,0.21,,,,inactive,ad,,,,,,0,1,Engajamento,6.77419355,,,2026-09-04,2026-09-04,
"Bolsa e salto marrom | imagem","Bolsa e salto marrom | imagem",35-44,female,2026-09-04,OUTCOME_ENGAGEMENT,446,545,1.22197309,4.67,,,,not_delivering,ad,,,,,,0,4,Engajamento,10.47085202,,,2026-09-04,2026-09-04,
"Bolsa e salto marrom | imagem","Bolsa e salto marrom | imagem",18-24,female,2026-09-04,OUTCOME_ENGAGEMENT,196,238,1.21428571,1.09,"Conversas por mensagem iniciadas",1,1.09,not_delivering,ad,,,,,,0,3,Engajamento,5.56122449,,,2026-09-04,2026-09-04,
"Salto dourado | vídeo","Salto dourado | vídeo",18-24,female,2026-09-04,OUTCOME_ENGAGEMENT,122,166,1.36065574,0.54,,,,not_delivering,ad,,,,,,0,,Engajamento,4.42622951,,,2026-09-04,2026-09-04,
"Salto dourado | vídeo","Salto dourado | vídeo",25-34,female,2026-09-04,OUTCOME_ENGAGEMENT,481,617,1.28274428,3.91,,,,not_delivering,ad,,,,,,0,2,Engajamento,8.12889813,,,2026-09-04,2026-09-04,
"Salto dourado | vídeo","Salto dourado | vídeo",35-44,female,2026-09-04,OUTCOME_ENGAGEMENT,436,613,1.4059633,5.02,"Conversas por mensagem iniciadas",3,1.67333333,not_delivering,ad,,,,,,0,4,Engajamento,11.51376147,,,2026-09-04,2026-09-04,
"5 tendencias | primavera | vídeo","5 tendencias | primavera | vídeo",25-34,female,2026-09-04,OUTCOME_ENGAGEMENT,208,220,1.05769231,1.79,"Conversas por mensagem iniciadas",2,0.895,not_delivering,ad,16,7,6,2,2,0,1,Engajamento,8.60576923,,,2026-09-04,2026-09-04,
"5 tendencias | primavera | vídeo","5 tendencias | primavera | vídeo",35-44,female,2026-09-04,OUTCOME_ENGAGEMENT,218,226,1.03669725,2.31,"Conversas por mensagem iniciadas",1,2.31,not_delivering,ad,14,11,9,4,4,0,1,Engajamento,10.59633028,,,2026-09-04,2026-09-04,
"5 tendencias | primavera | vídeo","5 tendencias | primavera | vídeo",18-24,female,2026-09-04,OUTCOME_ENGAGEMENT,69,76,1.10144928,0.41,,,,not_delivering,ad,3,2,2,2,2,0,,Engajamento,5.94202899,,,2026-09-04,2026-09-04,
"Salto dourado | vídeo","Salto dourado | vídeo",18-24,female,2026-09-03,OUTCOME_ENGAGEMENT,148,211,1.42567568,0.9,,,,not_delivering,ad,,,,,,0,3,Engajamento,6.08108108,,,2026-09-03,2026-09-03,
"Bolsa e salto marrom | imagem","Bolsa e salto marrom | imagem",25-34,female,2026-09-03,OUTCOME_ENGAGEMENT,422,524,1.24170616,3.71,,,,not_delivering,ad,,,,,,0,3,Engajamento,8.79146919,,,2026-09-03,2026-09-03,
"Bolsa e salto marrom | imagem","Bolsa e salto marrom | imagem",35-44,female,2026-09-03,OUTCOME_ENGAGEMENT,547,708,1.29433272,7.4,"Conversas por mensagem iniciadas",2,3.7,not_delivering,ad,,,,,,0,10,Engajamento,13.52833638,,,2026-09-03,2026-09-03,
"Bolsa e salto marrom | imagem","Bolsa e salto marrom | imagem",18-24,female,2026-09-03,OUTCOME_ENGAGEMENT,278,337,1.21223022,1.39,,,,not_delivering,ad,,,,,,0,3,Engajamento,5,,,2026-09-03,2026-09-03,
"5 tendencias | primavera | vídeo","5 tendencias | primavera | vídeo",18-24,female,2026-09-03,OUTCOME_ENGAGEMENT,132,158,1.1969697,1,"Conversas por mensagem iniciadas",1,1,not_delivering,ad,6,3,2,1,1,0,,Engajamento,7.57575758,,,2026-09-03,2026-09-03,
"Salto dourado | vídeo","Salto dourado | vídeo",35-44,female,2026-09-03,OUTCOME_ENGAGEMENT,493,732,1.48478702,8.28,"Conversas por mensagem iniciadas",1,8.28,not_delivering,ad,,,,,,0,8,Engajamento,16.79513185,,,2026-09-03,2026-09-03,
"Salto dourado | vídeo","Salto dourado | vídeo",25-34,female,2026-09-03,OUTCOME_ENGAGEMENT,495,725,1.46464646,5.24,"Conversas por mensagem iniciadas",2,2.62,not_delivering,ad,,,,,,0,10,Engajamento,10.58585859,,,2026-09-03,2026-09-03,
"5 tendencias | primavera | vídeo","5 tendencias | primavera | vídeo",25-34,female,2026-09-03,OUTCOME_ENGAGEMENT,490,574,1.17142857,4.15,,,,not_delivering,ad,29,14,9,4,4,0,5,Engajamento,8.46938776,,,2026-09-03,2026-09-03,
"5 tendencias | primavera | vídeo","5 tendencias | primavera | vídeo",35-44,female,2026-09-03,OUTCOME_ENGAGEMENT,581,695,1.19621343,7.61,"Conversas por mensagem iniciadas",1,7.61,not_delivering,ad,59,30,21,16,14,0,6,Engajamento,13.09810671,,,2026-09-03,2026-09-03,
"Salto dourado | vídeo","Salto dourado | vídeo",25-34,female,2026-09-02,OUTCOME_ENGAGEMENT,86,101,1.1744186,0.85,,,,not_delivering,ad,,,,,,0,1,Engajamento,9.88372093,,,2026-09-02,2026-09-02,
"Bolsa e salto marrom | imagem","Bolsa e salto marrom | imagem",25-34,female,2026-09-02,OUTCOME_ENGAGEMENT,114,130,1.14035088,0.68,,,,not_delivering,ad,,,,,,0,1,Engajamento,5.96491228,,,2026-09-02,2026-09-02,
"Salto dourado | vídeo","Salto dourado | vídeo",18-24,female,2026-09-02,OUTCOME_ENGAGEMENT,20,24,1.2,0.08,,,,not_delivering,ad,,,,,,0,,Engajamento,4,,,2026-09-02,2026-09-02,
"Bolsa e salto marrom | imagem","Bolsa e salto marrom | imagem",18-24,female,2026-09-02,OUTCOME_ENGAGEMENT,63,70,1.11111111,0.27,,,,not_delivering,ad,,,,,,0,3,Engajamento,4.28571429,,,2026-09-02,2026-09-02,
"Salto dourado | vídeo","Salto dourado | vídeo",35-44,female,2026-09-02,OUTCOME_ENGAGEMENT,128,158,1.234375,1.14,,,,not_delivering,ad,,,,,,0,1,Engajamento,8.90625,,,2026-09-02,2026-09-02,
"5 tendencias | primavera | vídeo","5 tendencias | primavera | vídeo",18-24,female,2026-09-02,OUTCOME_ENGAGEMENT,12,12,1,0.05,,,,not_delivering,ad,1,,,,,0,,Engajamento,4.16666667,,,2026-09-02,2026-09-02,
"5 tendencias | primavera | vídeo","5 tendencias | primavera | vídeo",25-34,female,2026-09-02,OUTCOME_ENGAGEMENT,65,70,1.07692308,0.5,,,,not_delivering,ad,7,3,2,1,1,0,,Engajamento,7.69230769,,,2026-09-02,2026-09-02,
"5 tendencias | primavera | vídeo","5 tendencias | primavera | vídeo",35-44,female,2026-09-02,OUTCOME_ENGAGEMENT,78,87,1.11538462,1.11,,,,not_delivering,ad,15,11,9,5,5,0,2,Engajamento,14.23076923,,,2026-09-02,2026-09-02,
"Bolsa e salto marrom | imagem","Bolsa e salto marrom | imagem",35-44,female,2026-09-02,OUTCOME_ENGAGEMENT,158,177,1.12025316,1.63,,,,not_delivering,ad,,,,,,0,2,Engajamento,10.3164557,,,2026-09-02,2026-09-02,
